Label,LISI,Method
Batch,1.3182669236535112,Seurat
Cluster,1.0466518411707166,Seurat
Batch,1.4327825437332598,Seurat
Cluster,1.0076172692007843,Seurat
Batch,1.143541565664153,Seurat
Cluster,1.0347214454773705,Seurat
Batch,1.459124773619569,Seurat
Cluster,1.0854266127118917,Seurat
Batch,1.5411694056779517,Seurat
Cluster,1,Seurat
Batch,1.2490185390589956,Seurat
Cluster,1.073459707919979,Seurat
Batch,1.56111123504785,Seurat
Cluster,1.0163759549337537,Seurat
Batch,1.1752976470933312,Seurat
Cluster,1.0144800899066815,Seurat
Batch,1.114297394442535,Seurat
Cluster,1.0090171065805715,Seurat
Batch,1.3488138792785265,Seurat
Cluster,1.129395078060823,Seurat
Batch,1.1835005189850492,Seurat
Cluster,1.0000001192093038,Seurat
Batch,1.556774567612086,Seurat
Cluster,1.0000001192093038,Seurat
Batch,1.3454209553813288,Seurat
Cluster,1.1017015529647933,Seurat
Batch,1.114652294669831,Seurat
Cluster,1.0011152406525883,Seurat
Batch,1.1785596538221403,Seurat
Cluster,1.0816194699208375,Seurat
Batch,1.2535418667562372,Seurat
Cluster,1,Seurat
Batch,1.6559429488263389,Seurat
Cluster,1.097262234436972,Seurat
Batch,1.3382765818271083,Seurat
Cluster,1.0308379638603498,Seurat
Batch,1.1757552448916382,Seurat
Cluster,1.0091341321394076,Seurat
Batch,1.1597359614026996,Seurat
Cluster,1.015051989363557,Seurat
Batch,1.8465234830529418,Seurat
Cluster,1.3633803184877629,Seurat
Batch,1.9299260211260163,Seurat
Cluster,1,Seurat
Batch,1.8158206136928179,Seurat
Cluster,1.0904434140860249,Seurat
Batch,1.1062548680800626,Seurat
Cluster,1.0052910689577699,Seurat
Batch,1.4365745890645591,Seurat
Cluster,1.0000001192093038,Seurat
Batch,1.9954694257003627,Seurat
Cluster,1.012264414023736,Seurat
Batch,1.1885151994682372,Seurat
Cluster,1.0075828475285735,Seurat
Batch,1.156705367281482,Seurat
Cluster,1.0013702866285423,Seurat
Batch,1.285905690159779,Seurat
Cluster,1.2410841371076327,Seurat
Batch,1.1259002972127574,Seurat
Cluster,1.003581094055277,Seurat
Batch,1.1607916031993282,Seurat
Cluster,1.005769217339045,Seurat
Batch,1.8298095361247968,Seurat
Cluster,1.0287802325231354,Seurat
Batch,1.3931500309593703,Seurat
Cluster,1.0172437411931596,Seurat
Batch,1.9339815532904223,Seurat
Cluster,1.0151681105486616,Seurat
Batch,1.5400642205717727,Seurat
Cluster,1.1711079720936943,Seurat
Batch,1.255253863697013,Seurat
Cluster,1.1806642943356669,Seurat
Batch,1.652366307520621,Seurat
Cluster,1.4690752750681233,Seurat
Batch,1.9370684277902297,Seurat
Cluster,1,Seurat
Batch,1.187920378213628,Seurat
Cluster,1.095450022714004,Seurat
Batch,1.2065458856214692,Seurat
Cluster,1.0038371418615097,Seurat
Batch,1.4262604237285084,Seurat
Cluster,1.244859720880929,Seurat
Batch,1.239501940628653,Seurat
Cluster,1.0969938585829184,Seurat
Batch,1.3055841487923043,Seurat
Cluster,1.0021459353375703,Seurat
Batch,1.2536834671233068,Seurat
Cluster,1.0054961456034848,Seurat
Batch,1.685788858291913,Seurat
Cluster,1.006956620819196,Seurat
Batch,1.364841978974951,Seurat
Cluster,1.0431719557315995,Seurat
Batch,1.2459482111262863,Seurat
Cluster,1,Seurat
Batch,1.5606543971170357,Seurat
Cluster,1.0110883775669421,Seurat
Batch,1.687523750456904,Seurat
Cluster,1.2024066564968923,Seurat
Batch,1.404210614902959,Seurat
Cluster,1.0357211476086097,Seurat
Batch,1.3188431011136597,Seurat
Cluster,1.004917369657008,Seurat
Batch,1.548937361878094,Seurat
Cluster,1.0465503883093903,Seurat
Batch,1.4294170162143172,Seurat
Cluster,1.033371460849153,Seurat
Batch,1.4728791063859812,Seurat
Cluster,1,Seurat
Batch,1.2229457457830912,Seurat
Cluster,1.013220703252968,Seurat
Batch,1.108364928752743,Seurat
Cluster,1,Seurat
Batch,1.6568233825262588,Seurat
Cluster,1.0227193338274423,Seurat
Batch,1.1210879532127214,Seurat
Cluster,1,Seurat
Batch,1.2363939811286233,Seurat
Cluster,1.6918188497474052,Seurat
Batch,1.8335132999038666,Seurat
Cluster,1.0173946060668,Seurat
Batch,1.5837946391290205,Seurat
Cluster,1.2977323541634198,Seurat
Batch,1.449670413656122,Seurat
Cluster,1.0278889388585575,Seurat
Batch,1.3915155511389585,Seurat
Cluster,1.0175160797689866,Seurat
Batch,1.3481624674968895,Seurat
Cluster,1.0140821082469218,Seurat
Batch,1.364830185486633,Seurat
Cluster,1.2741446739324798,Seurat
Batch,1.1567757420141305,Seurat
Cluster,1.0047718381031103,Seurat
Batch,1.2474508477475048,Seurat
Cluster,1.0066295924394002,Seurat
Batch,1.2083716444923858,Seurat
Cluster,1.187327388167607,Seurat
Batch,1.5206384763973273,Seurat
Cluster,1.005395372109579,Seurat
Batch,1.6412506311621615,Seurat
Cluster,1.02482580084903,Seurat
Batch,1.2002064547430316,Seurat
Cluster,1.0021563400764306,Seurat
Batch,1.1449241306289228,Seurat
Cluster,1.276232277940216,Seurat
Batch,1.216009557768605,Seurat
Cluster,1.00477195820537,Seurat
Batch,1.5101939536152873,Seurat
Cluster,1.0049031392947978,Seurat
Batch,1.1045235625277072,Seurat
Cluster,1.0454734161057215,Seurat
Batch,1.355314923562938,Seurat
Cluster,1.006935541908005,Seurat
Batch,1.3705503202169853,Seurat
Cluster,1.1144632357339268,Seurat
Batch,1.12452136671235,Seurat
Cluster,1.0025500039597395,Seurat
Batch,1.4984730209890478,Seurat
Cluster,1.104886368979212,Seurat
Batch,1.393532108483151,Seurat
Cluster,1.0765762513142523,Seurat
Batch,1.1496120847118985,Seurat
Cluster,1.0072638469208377,Seurat
Batch,1.184189892536797,Seurat
Cluster,1.203463939793765,Seurat
Batch,1.1289047691646905,Seurat
Cluster,1.0065116328814208,Seurat
Batch,1.333277969540033,Seurat
Cluster,1,Seurat
Batch,1.3019867080059133,Seurat
Cluster,1.2089284570811232,Seurat
Batch,1.2863007670031186,Seurat
Cluster,1.0270940499669272,Seurat
Batch,1.4394169171049982,Seurat
Cluster,1.804381174030227,Seurat
Batch,1.1720244448884982,Seurat
Cluster,1.009055589379999,Seurat
Batch,1.178540772597197,Seurat
Cluster,1.027956505060374,Seurat
Batch,1.392182245736161,Seurat
Cluster,1.0025898326201252,Seurat
Batch,1.5359070319945138,Seurat
Cluster,1.0041159767049612,Seurat
Batch,1.226052982140671,Seurat
Cluster,1.0390269683483502,Seurat
Batch,1.4684367380054506,Seurat
Cluster,1.1360455106841318,Seurat
Batch,1.376522532367948,Seurat
Cluster,1.0822912587942044,Seurat
Batch,1.8808277710504793,Seurat
Cluster,1.1255330877797842,Seurat
Batch,1.2607549545275953,Seurat
Cluster,1.0438047555613001,Seurat
Batch,1.6735171183487525,Seurat
Cluster,1.0050296016473212,Seurat
Batch,1.2692967455205872,Seurat
Cluster,1,Seurat
Batch,1.3167796844434958,Seurat
Cluster,1.0799565723299138,Seurat
Batch,1.6697618037375381,Seurat
Cluster,1.1483172556464138,Seurat
Batch,1.4095016506358125,Seurat
Cluster,1.007174074424677,Seurat
Batch,1.1136478627833835,Seurat
Cluster,1,Seurat
Batch,1.7066862198420725,Seurat
Cluster,1.0014867050356682,Seurat
Batch,1.486071881590286,Seurat
Cluster,1.1697887685088126,Seurat
Batch,1.7195302366805223,Seurat
Cluster,1.106676921215678,Seurat
Batch,1.2714624754694093,Seurat
Cluster,1.0079907824250194,Seurat
Batch,1.746846795103337,Seurat
Cluster,1,Seurat
Batch,1.2797274185943934,Seurat
Cluster,1.020421158799911,Seurat
Batch,1.6009835372639818,Seurat
Cluster,1.0414978474853474,Seurat
Batch,1.3422418586114224,Seurat
Cluster,1.0423230899780391,Seurat
Batch,1.308586566210652,Seurat
Cluster,1.044863238421636,Seurat
Batch,1.503355613286842,Seurat
Cluster,1.085251530324488,Seurat
Batch,1.168706271011696,Seurat
Cluster,1.0039889466445953,Seurat
Batch,1.296422088061386,Seurat
Cluster,1.025873703836758,Seurat
Batch,1.1898417625452662,Seurat
Cluster,1.004184389079201,Seurat
Batch,1.2388330024648146,Seurat
Cluster,1,Seurat
Batch,1.2743543539982325,Seurat
Cluster,1.0682406030822695,Seurat
Batch,1.4761634961123324,Seurat
Cluster,1,Seurat
Batch,1.3416397721498847,Seurat
Cluster,1.0449748910379284,Seurat
Batch,1.1949262401164422,Seurat
Cluster,1.0764398062718008,Seurat
Batch,1.4629900949904526,Seurat
Cluster,1.1525315566173764,Seurat
Batch,1.28198290408844,Seurat
Cluster,1.0081418378205778,Seurat
Batch,1.4217579942191032,Seurat
Cluster,1.0032305059360573,Seurat
Batch,1.8427856206797053,Seurat
Cluster,1.0029212873853228,Seurat
Batch,1.321726512966287,Seurat
Cluster,1.0987231120648644,Seurat
Batch,1.126270009827233,Seurat
Cluster,1.0065086240204588,Seurat
Batch,1.3730561210359127,Seurat
Cluster,1.0031937921989418,Seurat
Batch,1.0867470567089699,Seurat
Cluster,1.0159129068680028,Seurat
Batch,1.160064253798628,Seurat
Cluster,1.0038442158266698,Seurat
Batch,1.2419214436390307,Seurat
Cluster,1,Seurat
Batch,1.3432025868306054,Seurat
Cluster,1.0078453081450909,Seurat
Batch,1.1334074106261076,Seurat
Cluster,1.0000001192093038,Seurat
Batch,1.219490672421033,Seurat
Cluster,1.0017327495616846,Seurat
Batch,1.4781449046718886,Seurat
Cluster,1.4916299992163864,Seurat
Batch,1.4488306520544012,Seurat
Cluster,1.163539526935837,Seurat
Batch,1.5020379218173565,Seurat
Cluster,1.0075067745436095,Seurat
Batch,1.3448718079974518,Seurat
Cluster,1.0038400583771316,Seurat
Batch,1.31545541790675,Seurat
Cluster,1,Seurat
Batch,1.3533581464453237,Seurat
Cluster,1.0376166885001268,Seurat
Batch,1.0522170575083742,Seurat
Cluster,1.0000001192093038,Seurat
Batch,1.295504483289227,Seurat
Cluster,1.11891743514206,Seurat
Batch,1.60998720445148,Seurat
Cluster,1.0449898427450155,Seurat
Batch,1.3483967228030191,Seurat
Cluster,1,Seurat
Batch,1.4796160967317988,Seurat
Cluster,1,Seurat
Batch,1.349464248622476,Seurat
Cluster,1.1254572568502514,Seurat
Batch,1.4285875706647657,Seurat
Cluster,1.0091996928935338,Seurat
Batch,1.0719939741389624,Seurat
Cluster,1.0071140110891632,Seurat
Batch,1.9581855672365236,Seurat
Cluster,1.1448474831872322,Seurat
Batch,1.4338099366761683,Seurat
Cluster,1.0025542309754356,Seurat
Batch,1.6425165772219137,Seurat
Cluster,1.042358970228518,Seurat
Batch,1.3142016107569976,Seurat
Cluster,1.1266636234835135,Seurat
Batch,1.2033510266786158,Seurat
Cluster,1.0172095610544776,Seurat
Batch,1.3490739653353134,Seurat
Cluster,1.0017273115363845,Seurat
Batch,1.208394284229793,Seurat
Cluster,1.0085410558682755,Seurat
Batch,1.1618348600389754,Seurat
Cluster,1.0013787679141477,Seurat
Batch,1.5965388374340763,Seurat
Cluster,1.0019616080948304,Seurat
Batch,1.0356233168912126,Seurat
Cluster,1.0041794706890537,Seurat
Batch,1.2147149821122736,Seurat
Cluster,1.018186347201631,Seurat
Batch,1.8660920196090078,Seurat
Cluster,1.0146472169792784,Seurat
Batch,1.1643083803533523,Seurat
Cluster,1.037040735499528,Seurat
Batch,1.2197129828728819,Seurat
Cluster,1,Seurat
Batch,1.6509163318857045,Seurat
Cluster,1.0828823733365607,Seurat
Batch,1.0623801780708155,Seurat
Cluster,1.0066616355692564,Seurat
Batch,1.7628641945083394,Seurat
Cluster,1.1916286706567478,Seurat
Batch,1.7817793397661674,Seurat
Cluster,1.316586814991677,Seurat
Batch,1.1566937533173125,Seurat
Cluster,1.0117676352651244,Seurat
Batch,1.1783031706741376,Seurat
Cluster,1.0030568970759104,Seurat
Batch,1.1670069129532643,Seurat
Cluster,1.0060512414671743,Seurat
Batch,1.4758026016502637,Seurat
Cluster,1.1435221901510366,Seurat
Batch,1.3846942904957873,Seurat
Cluster,1,Seurat
Batch,1.595514936585321,Seurat
Cluster,1.111732574323489,Seurat
Batch,1.615597669070307,Seurat
Cluster,1.1311021927160239,Seurat
Batch,1.2272550127917006,Seurat
Cluster,1.2520933238630085,Seurat
Batch,1.4655060074616177,Seurat
Cluster,1.015735767609501,Seurat
Batch,1.1976752330442781,Seurat
Cluster,1.0681990887434325,Seurat
Batch,1.8326089430864114,Seurat
Cluster,1.04729347950859,Seurat
Batch,1.2969478576198097,Seurat
Cluster,1.002942959186058,Seurat
Batch,1.6132220387601486,Seurat
Cluster,1.1706712940888728,Seurat
Batch,1.1726488566332671,Seurat
Cluster,1.0106920753004636,Seurat
Batch,1.361856653384061,Seurat
Cluster,1.1346436470186019,Seurat
Batch,1.4262898196118243,Seurat
Cluster,1.010312345535551,Seurat
Batch,1.4406997174701601,Seurat
Cluster,1.0180578358391301,Seurat
Batch,1.7806041274709667,Seurat
Cluster,1.118199134303581,Seurat
Batch,1.2163983790070774,Seurat
Cluster,1.0059385379003458,Seurat
Batch,1.545078432073636,Seurat
Cluster,1.026220711422704,Seurat
Batch,1.2539053584103017,Seurat
Cluster,1.397595152757656,Seurat
Batch,1.4320367634877151,Seurat
Cluster,1.0639906680594415,Seurat
Batch,1.5693240249165683,Seurat
Cluster,1.1215609835311025,Seurat
Batch,1.3665071923979577,Seurat
Cluster,1.0284832734884113,Seurat
Batch,1.2421720974909851,Seurat
Cluster,1.0043509105074784,Seurat
Batch,1.4686323322473729,Seurat
Cluster,1.6089884300001462,Seurat
Batch,1.1093257148757258,Seurat
Cluster,1.0025708047855013,Seurat
Batch,1.2502193987286492,Seurat
Cluster,1.0000001192093038,Seurat
Batch,1.2621822055061018,Seurat
Cluster,1.0951107876765518,Seurat
Batch,1.2102917133295208,Seurat
Cluster,1,Seurat
Batch,1.2250211720352755,Seurat
Cluster,1.0028983590310778,Seurat
Batch,1.3218399560401495,Seurat
Cluster,1.002975827275547,Seurat
Batch,1.3717713469061854,Seurat
Cluster,1.0014775054697693,Seurat
Batch,1.230407264078199,Seurat
Cluster,1.0109350877180452,Seurat
Batch,1.4615807384137165,Seurat
Cluster,1.2998435338429997,Seurat
Batch,1.1443789640173665,Seurat
Cluster,1.0698696266724008,Seurat
Batch,1.420510057047007,Seurat
Cluster,1.0061818901098405,Seurat
Batch,1.1973659594971506,Seurat
Cluster,1.0018403852932505,Seurat
Batch,1.4766545078799422,Seurat
Cluster,1.0052396446680179,Seurat
Batch,1.1720090493169577,Seurat
Cluster,1.0198800493996552,Seurat
Batch,1.0815513911883465,Seurat
Cluster,1.0038696943208811,Seurat
Batch,1.5941550270267715,Seurat
Cluster,1.0126801614928334,Seurat
Batch,1.3408708996520642,Seurat
Cluster,1.0071120835770186,Seurat
Batch,1.1121061625216782,Seurat
Cluster,1.002905662610811,Seurat
Batch,1.3713952430728227,Seurat
Cluster,1.0259698052630706,Seurat
Batch,1.3648825794175132,Seurat
Cluster,1.0609075872921472,Seurat
Batch,1.1644407611506462,Seurat
Cluster,1.0208038509992068,Seurat
Batch,1.5020626656446752,Seurat
Cluster,1.0411288314586697,Seurat
Batch,1.5730714580157414,Seurat
Cluster,1.1258355438576124,Seurat
Batch,1.3593690745537053,Seurat
Cluster,1.0653573615541465,Seurat
Batch,1.7904442073627216,Seurat
Cluster,1,Seurat
Batch,1.0874895183585063,Seurat
Cluster,1.0084810526849606,Seurat
Batch,1.2433111207939522,Seurat
Cluster,1.032812846544357,Seurat
Batch,1.4721222790777808,Seurat
Cluster,1.089974047920008,Seurat
Batch,1.169983911397402,Seurat
Cluster,1,Seurat
Batch,1.5481746957047575,Seurat
Cluster,1.0157752427530837,Seurat
Batch,1.2583251457784737,Seurat
Cluster,1.0030837828732428,Seurat
Batch,1.4771435216753104,Seurat
Cluster,1.0086236452773518,Seurat
Batch,1.1807044676072793,Seurat
Cluster,1,Seurat
Batch,1.376882378283171,Seurat
Cluster,1.0815798772170975,Seurat
Batch,1.2068235988153193,Seurat
Cluster,1.0049043404337585,Seurat
Batch,1.1522395044953169,Seurat
Cluster,1.002520844870126,Seurat
Batch,1.1594726020827968,Seurat
Cluster,1.0140623892135874,Seurat
Batch,1.3280243846898003,Seurat
Cluster,1.003218227900702,Seurat
Batch,1.4363617691064805,Seurat
Cluster,1.2618374121648561,Seurat
Batch,1.1596994024163614,Seurat
Cluster,1.0022012492642736,Seurat
Batch,1.1177640248288359,Seurat
Cluster,1,Seurat
Batch,1.1073536544828144,Seurat
Cluster,1.0022928715688721,Seurat
Batch,1.093631110093896,Seurat
Cluster,1.1375506349096385,Seurat
Batch,1.1816260325306407,Seurat
Cluster,1.0046571879547768,Seurat
Batch,1.228615851506958,Seurat
Cluster,1.1448217583152578,Seurat
Batch,1.369313164375402,Seurat
Cluster,1.0686562974690688,Seurat
Batch,1.4616030530793258,Seurat
Cluster,1.004317734757163,Seurat
Batch,1.241226849635282,Seurat
Cluster,1.032676029680801,Seurat
Batch,1.7362847482745525,Seurat
Cluster,1.049440578392249,Seurat
Batch,1.280724222398625,Seurat
Cluster,1.194964673415408,Seurat
Batch,1.0857582056597075,Seurat
Cluster,1.0119270604127437,Seurat
Batch,1.6147238746560382,Seurat
Cluster,1.0624307271404654,Seurat
Batch,1.0826867069766248,Seurat
Cluster,1.0038021332544196,Seurat
Batch,1.3626132043875903,Seurat
Cluster,1.0085103896270722,Seurat
Batch,1.1402820345519058,Seurat
Cluster,1.0028765690288204,Seurat
Batch,1.545295057884409,Seurat
Cluster,1.0028488536005136,Seurat
Batch,1.2906176191360197,Seurat
Cluster,1.0016820156029351,Seurat
Batch,1.3358560758419198,Seurat
Cluster,1.0017177501778336,Seurat
Batch,1.2358485874408385,Seurat
Cluster,1.1848423279383753,Seurat
Batch,1.5746626830538226,Seurat
Cluster,1.2119527112147306,Seurat
Batch,1.339491843311422,Seurat
Cluster,1.160469099727864,Seurat
Batch,1.1556374630509754,Seurat
Cluster,1.0015529573256714,Seurat
Batch,1.3890215598382134,Seurat
Cluster,1.0549428377735328,Seurat
Batch,1.9584730153979266,Seurat
Cluster,1.001420220410718,Seurat
Batch,1.6890572857087125,Seurat
Cluster,1,Seurat
Batch,1.0917437043959772,Seurat
Cluster,1.0000001192093038,Seurat
Batch,1.3282720942268937,Seurat
Cluster,1.0153898594944484,Seurat
Batch,1.3706010548093284,Seurat
Cluster,1.0128162279282773,Seurat
Batch,1.2766055103114795,Seurat
Cluster,1.0915912191988382,Seurat
Batch,1.2217894285237865,Seurat
Cluster,1,Seurat
Batch,1.374659539848179,Seurat
Cluster,1.0027410557201277,Seurat
Batch,1.9358250023805195,Seurat
Cluster,1.0207308366870012,Seurat
Batch,1.1685575156822852,Seurat
Cluster,1,Seurat
Batch,1.5845967879058391,Seurat
Cluster,1.0288585794913478,Seurat
Batch,1.999963522622709,Seurat
Cluster,1.0038665167809897,Seurat
Batch,1.3811000315082285,Seurat
Cluster,1.0090405463021876,Seurat
Batch,1.2400990262444245,Seurat
Cluster,1.0282137823713513,Seurat
Batch,1.1247166250957674,Seurat
Cluster,1.0800388604310607,Seurat
Batch,1.8285533673260375,Seurat
Cluster,1.0101150750632177,Seurat
Batch,1.1159916888153187,Seurat
Cluster,1.003372587952475,Seurat
Batch,1.8029141076481254,Seurat
Cluster,1,Seurat
Batch,1.9570888395433241,Seurat
Cluster,1.003465089871069,Seurat
Batch,1.179317535777525,Seurat
Cluster,1.0026706162287702,Seurat
Batch,1.194581460504601,Seurat
Cluster,1.00207041651919,Seurat
Batch,1.158801664118772,Seurat
Cluster,1.0083300413687741,Seurat
Batch,1.426835943953824,Seurat
Cluster,1.0463076164548815,Seurat
Batch,1.2214575867945276,Seurat
Cluster,1,Seurat
Batch,1.0923352195800302,Seurat
Cluster,1,Seurat
Batch,1.1390896637450398,Seurat
Cluster,1.0965196677895097,Seurat
Batch,1.2310168719326737,Seurat
Cluster,1,Seurat
Batch,1.5213786190645966,Seurat
Cluster,1.0081883554769808,Seurat
Batch,1.9992900031900998,Seurat
Cluster,1.3207886823301667,Seurat
Batch,1.2874175042959486,Seurat
Cluster,1.007099855033379,Seurat
Batch,1.365188279301175,Seurat
Cluster,1.0166307819299172,Seurat
Batch,1.4157061032558853,Seurat
Cluster,1.029467313803017,Seurat
Batch,1.48839028165607,Seurat
Cluster,1.0058975264856702,Seurat
Batch,1.1845801399659581,Seurat
Cluster,1,Seurat
Batch,1.9498530902760072,Seurat
Cluster,1.0484502959672952,Seurat
Batch,1.192546938374617,Seurat
Cluster,1.0042041222145437,Seurat
Batch,1.1637566209957855,Seurat
Cluster,1.0120144322234834,Seurat
Batch,1.8495971745636424,Seurat
Cluster,1.0239643948690376,Seurat
Batch,1.3092576716950477,Seurat
Cluster,1.3484794875857833,Seurat
Batch,1.8103408088330157,Seurat
Cluster,1,Seurat
Batch,1.9944333830587981,Seurat
Cluster,1.0246875774767403,Seurat
Batch,1.4638491336474728,Seurat
Cluster,1.249495681665823,Seurat
Batch,1.0541670658562257,Seurat
Cluster,1.0000001192093038,Seurat
Batch,1.3790699241694953,Seurat
Cluster,1.0114775163808989,Seurat
Batch,1.2390156677323387,Seurat
Cluster,1.0061011638133721,Seurat
Batch,1.2996723629025735,Seurat
Cluster,1.0398488372945647,Seurat
Batch,1.177644396334354,Seurat
Cluster,1.0516914724305648,Seurat
Batch,1.0809961259135739,Seurat
Cluster,1.0035813337867878,Seurat
Batch,1.6783723259304173,Seurat
Cluster,1.034704136620847,Seurat
Batch,1.7727764787279137,Seurat
Cluster,1.007522506516872,Seurat
Batch,1.407609216735875,Seurat
Cluster,1.0042844409136895,Seurat
Batch,1.4576408449216673,Seurat
Cluster,1.204526252241783,Seurat
Batch,1.218404031186388,Seurat
Cluster,1.0119084949706063,Seurat
Batch,1.428094379760834,Seurat
Cluster,1.002093376302047,Seurat
Batch,1.1176802295720494,Seurat
Cluster,1.0369334135601143,Seurat
Batch,1.2254227683394119,Seurat
Cluster,1.0095519616000108,Seurat
Batch,1.5147880612320157,Seurat
Cluster,1.0043634495629303,Seurat
Batch,1.2071439800261778,Seurat
Cluster,1.003818018747568,Seurat
Batch,1.5071398901024666,Seurat
Cluster,1.1456619641941532,Seurat
Batch,1.2716414583071454,Seurat
Cluster,1.0117727905789011,Seurat
Batch,1.2008017759990703,Seurat
Cluster,1,Seurat
Batch,1.1294921131928917,Seurat
Cluster,1.0038375015068077,Seurat
Batch,1.42492079171604,Seurat
Cluster,1.002119864628744,Seurat
Batch,1.191385963686601,Seurat
Cluster,1.0242937058449837,Seurat
Batch,1.629157711933434,Seurat
Cluster,1.234684296215284,Seurat
Batch,1.3288711963676094,Seurat
Cluster,1.0141504011003863,Seurat
Batch,1.2041091260399743,Seurat
Cluster,1.3151846279731727,Seurat
Batch,1.143220015554959,Seurat
Cluster,1.0263550292963908,Seurat
Batch,1.1969300716491753,Seurat
Cluster,1,Seurat
Batch,1.4715207133586565,Seurat
Cluster,1.116170765548976,Seurat
Batch,1.3388919304117644,Seurat
Cluster,1.0751495519819831,Seurat
Batch,1.3756637171554311,Seurat
Cluster,1.2727983256150375,Seurat
Batch,1.4021359210237492,Seurat
Cluster,1.0456017805658844,Seurat
Batch,1.1221063582457855,Seurat
Cluster,1.005581847691268,Seurat
Batch,1.5831427055273406,Seurat
Cluster,1.0252396954134233,Seurat
Batch,1.122417036843996,Seurat
Cluster,1.0717151281705646,Seurat
Batch,1.9944349834394604,Seurat
Cluster,1.2806046191341942,Seurat
Batch,1.1101381764796805,Seurat
Cluster,1,Seurat
Batch,1.1639290604621324,Seurat
Cluster,1.0074310125783548,Seurat
Batch,1.3370383197365598,Seurat
Cluster,1.0349089654203467,Seurat
Batch,1.9931514146223994,Seurat
Cluster,1.0233987181876074,Seurat
Batch,1.2066649358211698,Seurat
Cluster,1.0134369556228728,Seurat
Batch,1.1716631780864182,Seurat
Cluster,1,Seurat
Batch,1.3082141694157061,Seurat
Cluster,1,Seurat
Batch,1.1504267074701064,Seurat
Cluster,1.010418215354698,Seurat
Batch,1.7699512367674388,Seurat
Cluster,1.0309270217583435,Seurat
Batch,1.3462911182098192,Seurat
Cluster,1.2408091012882116,Seurat
Batch,1.273060252963,Seurat
Cluster,1.0738318654730648,Seurat
Batch,1.0923948422616407,Seurat
Cluster,1.0183971948503672,Seurat
Batch,1.6222952736161758,Seurat
Cluster,1.5554597253863287,Seurat
Batch,1.5993282850487371,Seurat
Cluster,1.0877855275796828,Seurat
Batch,1.3641417145259713,Seurat
Cluster,1,Seurat
Batch,1.2594269266042295,Seurat
Cluster,1,Seurat
Batch,1.483877293055978,Seurat
Cluster,1.0774421820022495,Seurat
Batch,1.286995476372127,Seurat
Cluster,1.0040758364426754,Seurat
Batch,1.2508798735641187,Seurat
Cluster,1.2457674448875915,Seurat
Batch,1.2339028423330145,Seurat
Cluster,1,Seurat
Batch,1.1663372793770357,Seurat
Cluster,1.0126024206544595,Seurat
Batch,1.3034876294385516,Seurat
Cluster,1.206005551504563,Seurat
Batch,1.1260615635574842,Seurat
Cluster,1.0219177491698432,Seurat
Batch,1.4295482224163751,Seurat
Cluster,1.052615592522913,Seurat
Batch,1.232944903834187,Seurat
Cluster,1.023054477168882,Seurat
Batch,1.2599614767908118,Seurat
Cluster,1.0439955882588439,Seurat
Batch,1.3963126059778452,Seurat
Cluster,1.021409111773369,Seurat
Batch,1.373384268415544,Seurat
Cluster,1.171037526034121,Seurat
Batch,1.4100930177322173,Seurat
Cluster,1.0045442980813233,Seurat
Batch,1.2338372413556817,Seurat
Cluster,1,Seurat
Batch,1.177451459487309,Seurat
Cluster,1.0168462237923996,Seurat
Batch,1.4052802293424327,Seurat
Cluster,1.1420597351418385,Seurat
Batch,1.8964185821308397,Seurat
Cluster,1.0094919816906465,Seurat
Batch,1.1354603216151054,Seurat
Cluster,1.0135262249948265,Seurat
Batch,1.6157389457123712,Seurat
Cluster,1.0067597089581348,Seurat
Batch,1.2604173542156292,Seurat
Cluster,1.0074463806988816,Seurat
Batch,1.447217467061093,Seurat
Cluster,1.1434143729901853,Seurat
Batch,1.2796120149169468,Seurat
Cluster,1.0681372111198024,Seurat
Batch,1.4276485272352073,Seurat
Cluster,1.0310969986827194,Seurat
Batch,1.2024461058851699,Seurat
Cluster,1.0651862639061003,Seurat
Batch,1.200264499061865,Seurat
Cluster,1,Seurat
Batch,1.3840231222186627,Seurat
Cluster,1.1213714866524462,Seurat
Batch,1.4403855310470044,Seurat
Cluster,1.0383298960642526,Seurat
Batch,1.4703847024554377,Seurat
Cluster,1,Seurat
Batch,1.0809806930956023,Seurat
Cluster,1.0129090612033353,Seurat
Batch,1.130460306064275,Seurat
Cluster,1.00668047833696,Seurat
Batch,1.2070059604111194,Seurat
Cluster,1.2340384093486383,Seurat
Batch,1.1318373289838024,Seurat
Cluster,1.0227766042967024,Seurat
Batch,1.1249160266382008,Seurat
Cluster,1.0025777456261655,Seurat
Batch,1.2068176835847715,Seurat
Cluster,1.00417323314192,Seurat
Batch,1.3112428773049847,Seurat
Cluster,1.0055755970789209,Seurat
Batch,1.1491870458632065,Seurat
Cluster,1.4804858769520357,Seurat
Batch,1.4220638423282328,Seurat
Cluster,1.065727572239503,Seurat
Batch,1.1175074810533823,Seurat
Cluster,1,Seurat
Batch,1.2066659569225413,Seurat
Cluster,1.0024695725191142,Seurat
Batch,1.260430781251174,Seurat
Cluster,1.3082235415448613,Seurat
Batch,1.4086686815524807,Seurat
Cluster,1.1511777222879742,Seurat
Batch,1.1169684302044485,Seurat
Cluster,1.005669244529851,Seurat
Batch,1.4464274539207473,Seurat
Cluster,1.053480510408684,Seurat
Batch,1.0858973508006322,Seurat
Cluster,1.0020213309731443,Seurat
Batch,1.4480124287787557,Seurat
Cluster,1.0320622417700291,Seurat
Batch,1.3484610884452384,Seurat
Cluster,1.0335091048445486,Seurat
Batch,1.0984687260307648,Seurat
Cluster,1.0065395006746707,Seurat
Batch,1.0867306885101842,Seurat
Cluster,1.0069822177702825,Seurat
Batch,1.307875167155941,Seurat
Cluster,1.0184441745278205,Seurat
Batch,1.3394022294454069,Seurat
Cluster,1.067106418764781,Seurat
Batch,1.4064077533254427,Seurat
Cluster,1.0035666524256908,Seurat
Batch,1.2207954320648955,Seurat
Cluster,1.0031378568941047,Seurat
Batch,1.443023651689178,Seurat
Cluster,1.0188266264638528,Seurat
Batch,1.108238157887566,Seurat
Cluster,1.0239098735794547,Seurat
Batch,1.1520769938998145,Seurat
Cluster,1.2222807568095877,Seurat
Batch,1.4050201464870307,Seurat
Cluster,1.072950732328538,Seurat
Batch,1.342506324943978,Seurat
Cluster,1.2678410612472177,Seurat
Batch,1.2514641429016382,Seurat
Cluster,1.0901358152417426,Seurat
Batch,1.8052139312904203,Seurat
Cluster,1.3401321813356641,Seurat
Batch,1.1326464254175088,Seurat
Cluster,1.0193662907443812,Seurat
Batch,1.6130629011197817,Seurat
Cluster,1.1103378620870425,Seurat
Batch,1.142355691967393,Seurat
Cluster,1.0075260027622976,Seurat
Batch,1.5914153934411648,Seurat
Cluster,1.1845522311401988,Seurat
Batch,1.3825793596938125,Seurat
Cluster,1.0436765861711739,Seurat
Batch,1.2544280906925178,Seurat
Cluster,1.009147485202445,Seurat
Batch,1.6597316852767017,Seurat
Cluster,1.1664195258796644,Seurat
Batch,1.5769409127732186,Seurat
Cluster,1.1462817575342077,Seurat
Batch,1.1544735907357215,Seurat
Cluster,1.0501247718793623,Seurat
Batch,1.3923980600014576,Seurat
Cluster,1.0123673688241088,Seurat
Batch,1.3639148814196451,Seurat
Cluster,1.0281749565134792,Seurat
Batch,1.295526119642738,Seurat
Cluster,1.0108482182749443,Seurat
Batch,1.2729242876117597,Seurat
Cluster,1.094736260273429,Seurat
Batch,1.1922740841654131,Seurat
Cluster,1.0315573558818432,Seurat
Batch,1.427814373542754,Seurat
Cluster,1.0065087441324152,Seurat
Batch,1.3732594841046821,Seurat
Cluster,1.0014985331194177,Seurat
Batch,1.1537480988309448,Seurat
Cluster,1.0078188946520865,Seurat
Batch,1.0618852909550482,Seurat
Cluster,1,Seurat
Batch,1.3773567304694119,Seurat
Cluster,1.013326662718665,Seurat
Batch,1.1698676047890533,Seurat
Cluster,1.0082543674300763,Seurat
Batch,1.1588799613325411,Seurat
Cluster,1.0089046308727134,Seurat
Batch,1.4004585238506182,Seurat
Cluster,1.0722723017941165,Seurat
Batch,1.2523175460007088,Seurat
Cluster,1.0987898657999164,Seurat
Batch,1.2660610577595437,Seurat
Cluster,1.1359950610716494,Seurat
Batch,1.379065173771665,Seurat
Cluster,1.1752561338927612,Seurat
Batch,1.2005813194721182,Seurat
Cluster,1.0030439636802317,Seurat
Batch,1.2662174043971752,Seurat
Cluster,1.0050145283943563,Seurat
Batch,1.3726310138628108,Seurat
Cluster,1.0044601077938164,Seurat
Batch,1.7574818606194824,Seurat
Cluster,1.005975822616423,Seurat
Batch,1.2579348530992995,Seurat
Cluster,1.1564282415141793,Seurat
Batch,1.9694763273067395,Seurat
Cluster,1.1438916168380044,Seurat
Batch,1.2034314237479187,Seurat
Cluster,1.005798376464402,Seurat
Batch,1.2902612354346543,Seurat
Cluster,1,Seurat
Batch,1.3469891968573935,Seurat
Cluster,1.0770935542847528,Seurat
Batch,1.3075683134418419,Seurat
Cluster,1.0235592071144208,Seurat
Batch,1.5536076162000563,Seurat
Cluster,1.004744284156954,Seurat
Batch,1.2533005757111984,Seurat
Cluster,1.0133346273337562,Seurat
Batch,1.9368637532252386,Seurat
Cluster,1.2256072791054744,Seurat
Batch,1.2088648082961793,Seurat
Cluster,1.0008392247433184,Seurat
Batch,1.1004912536071072,Seurat
Cluster,1,Seurat
Batch,1.4060892715597018,Seurat
Cluster,1.0025077422546698,Seurat
Batch,1.3362856832809835,Seurat
Cluster,1.081654919479289,Seurat
Batch,1.3488246757893845,Seurat
Cluster,1.01760392570057,Seurat
Batch,1.12523203692621,Seurat
Cluster,1.0511316844569347,Seurat
Batch,1.309972103792861,Seurat
Cluster,1.0968941682965263,Seurat
Batch,1.6271364498360932,Seurat
Cluster,1.0041591384500779,Seurat
Batch,1.788526995428332,Seurat
Cluster,1.0101835705581392,Seurat
Batch,1.545144707519256,Seurat
Cluster,1.0039859485248002,Seurat
Batch,1.162456996477309,Seurat
Cluster,1.0104530243531655,Seurat
Batch,1.5153716775863357,Seurat
Cluster,1.1524295234381283,Seurat
Batch,1.994222807222638,Seurat
Cluster,1.006629007619333,Seurat
Batch,1.4596041884889632,Seurat
Cluster,1.4182527998418868,Seurat
Batch,1.5714472267634567,Seurat
Cluster,1.0026768399362456,Seurat
Batch,1.263496420279988,Seurat
Cluster,1.0230078573807375,Seurat
Batch,1.1301789024592803,Seurat
Cluster,1,Seurat
Batch,1.2098059124158074,Seurat
Cluster,1.0037859484735625,Seurat
Batch,1.1586241399153923,Seurat
Cluster,1,Seurat
Batch,1.2355538777747244,Seurat
Cluster,1.012765746897489,Seurat
Batch,1.4700275213152534,Seurat
Cluster,1.0045755643860426,Seurat
Batch,1.4836521470795292,Seurat
Cluster,1.0697739724289186,Seurat
Batch,1.3544496537195532,Seurat
Cluster,1.0980232754620818,Seurat
Batch,1.4218623490530828,Seurat
Cluster,1,Seurat
Batch,1.269394437945404,Seurat
Cluster,1.0055127558603862,Seurat
Batch,1.6796884942306378,Seurat
Cluster,1.223519265199612,Seurat
Batch,1.1159555534658865,Seurat
Cluster,1,Seurat
Batch,1.738861919576184,Seurat
Cluster,1.0805051080764647,Seurat
Batch,1.1715095137550031,Seurat
Cluster,1.125680627989877,Seurat
Batch,1.1866750066508045,Seurat
Cluster,1.001977390204427,Seurat
Batch,1.2832904284196158,Seurat
Cluster,1.070382106422065,Seurat
Batch,1.1484260135843323,Seurat
Cluster,1.0062185871279639,Seurat
Batch,1.395882091643977,Seurat
Cluster,1.1121515892522913,Seurat
Batch,1.1166951256831448,Seurat
Cluster,1.027775245438227,Seurat
Batch,1.5997142253217274,Seurat
Cluster,1.007952722377196,Seurat
Batch,1.5641471089758467,Seurat
Cluster,1.2079525070699848,Seurat
Batch,1.4491373780602512,Seurat
Cluster,1.3453741041312726,Seurat
Batch,1.6010239665130066,Seurat
Cluster,1.0106085675913181,Seurat
Batch,1.8955269861828121,Seurat
Cluster,1.174083108628608,Seurat
Batch,1.7456360051909554,Seurat
Cluster,1.227167144535001,Seurat
Batch,1.2603449922281518,Seurat
Cluster,1,Seurat
Batch,1.2761783980841073,Seurat
Cluster,1.003740153645443,Seurat
Batch,1.1398255824073655,Seurat
Cluster,1.0033503634178094,Seurat
Batch,1.959872314975474,Seurat
Cluster,1.0130992631736664,Seurat
Batch,1.4499091784828604,Seurat
Cluster,1.098356265238962,Seurat
Batch,1.3842557513650593,Seurat
Cluster,1.0158144925685995,Seurat
Batch,1.6518417615138994,Seurat
Cluster,1.0039624440771289,Seurat
Batch,1.6757022740284035,Seurat
Cluster,1.1716125760246436,Seurat
Batch,1.1595428493829436,Seurat
Cluster,1.0000001192093038,Seurat
Batch,1.1732113479398731,Seurat
Cluster,1.0109600514649615,Seurat
Batch,1.4054975445525497,Seurat
Cluster,1.010615046140398,Seurat
Batch,1.2164583790646335,Seurat
Cluster,1.1349482813236853,Seurat
Batch,1.1968867620796946,Seurat
Cluster,1.0451986830637479,Seurat
Batch,1.148955529889474,Seurat
Cluster,1,Seurat
Batch,1.4362234922287245,Seurat
Cluster,1.0175395083757341,Seurat
Batch,1.6173261533536973,Seurat
Cluster,1.0496111535029964,Seurat
Batch,1.235136933683549,Seurat
Cluster,1.0055208456355555,Seurat
Batch,1.107975675842538,Seurat
Cluster,1.1689833692883238,Seurat
Batch,1.126312854059617,Seurat
Cluster,1.0068895320826763,Seurat
Batch,1.18999820476529,Seurat
Cluster,1.0397698241011895,Seurat
Batch,1.826691885294982,Seurat
Cluster,1.0034532268329803,Seurat
Batch,1.8191128759265407,Seurat
Cluster,1.0182660131896517,Seurat
Batch,1.0461412108564607,Seurat
Cluster,1.0036744635992956,Seurat
Batch,1.2328907253503008,Seurat
Cluster,1.0440969325900318,Seurat
Batch,1.1921195425345452,Seurat
Cluster,1.0554259894792932,Seurat
Batch,1.0526617952212325,Seurat
Cluster,1.0010880160119222,Seurat
Batch,1.0861984014418808,Seurat
Cluster,1.0205283011315651,Seurat
Batch,1.1337368026870718,Seurat
Cluster,1.0018456449944755,Seurat
Batch,1.2323285158257968,Seurat
Cluster,1,Seurat
Batch,1.7359316634057147,Seurat
Cluster,1.0391013571611623,Seurat
Batch,1.4766034726633654,Seurat
Cluster,1.004431127101139,Seurat
Batch,1.9996102615859874,Seurat
Cluster,1.001788208804967,Seurat
Batch,1.1102926009072362,Seurat
Cluster,1.031014467859738,Seurat
Batch,1.2439780939831395,Seurat
Cluster,1,Seurat
Batch,1.3736106038823,Seurat
Cluster,1.0000001192093038,Seurat
Batch,1.3962508718718456,Seurat
Cluster,1.0458991586076203,Seurat
Batch,1.1213096110415988,Seurat
Cluster,1.0197367992977602,Seurat
Batch,1.1397371714438385,Seurat
Cluster,1.1020392149838862,Seurat
Batch,1.0956771124260913,Seurat
Cluster,1.0009057112143227,Seurat
Batch,1.1253444861272741,Seurat
Cluster,1.0057546080699418,Seurat
Batch,1.0722104501466825,Seurat
Cluster,1.0263064530381285,Seurat
Batch,1.5312331035429434,Seurat
Cluster,1.0193110922246407,Seurat
Batch,1.2479810262017084,Seurat
Cluster,1.0086914496881814,Seurat
Batch,1.1828168793302236,Seurat
Cluster,1,Seurat
Batch,1.715230299060615,Seurat
Cluster,1.4430280733274086,Seurat
Batch,1.5099474081770188,Seurat
Cluster,1.0249435235091258,Seurat
Batch,1.145340980563688,Seurat
Cluster,1.021747483353878,Seurat
Batch,1.1191845429351182,Seurat
Cluster,1,Seurat
Batch,1.4708608675104962,Seurat
Cluster,1,Seurat
Batch,1.2399404714106306,Seurat
Cluster,1.0025021183282896,Seurat
Batch,1.0902454611397152,Seurat
Cluster,1.0000001192093038,Seurat
Batch,1.2433679654660976,Seurat
Cluster,1.001339587589161,Seurat
Batch,1.3517018817261024,Seurat
Cluster,1.005354814324737,Seurat
Batch,1.1134605663413415,Seurat
Cluster,1.0318655498386136,Seurat
Batch,1.386324069912715,Seurat
Cluster,1.0096503270819916,Seurat
Batch,1.130373835170304,Seurat
Cluster,1.0336035104380403,Seurat
Batch,1.0563719973579917,Seurat
Cluster,1.0022267850150013,Seurat
Batch,1.4323232126723244,Seurat
Cluster,1.0763263716702254,Seurat
Batch,1.3993017593301187,Seurat
Cluster,1.0215682768343908,Seurat
Batch,1.7215736752948059,Seurat
Cluster,1.002986125165228,Seurat
Batch,1.0836140931758171,Seurat
Cluster,1.0000001192093038,Seurat
Batch,1.12158111482349,Seurat
Cluster,1,Seurat
Batch,1.3257888100962294,Seurat
Cluster,1.0141144485410385,Seurat
Batch,1.0285986999738228,Seurat
Cluster,1.003936242803334,Seurat
Batch,1.0886536770652033,Seurat
Cluster,1.0025539914001393,Seurat
Batch,1.2876163649504624,Seurat
Cluster,1.006138338173179,Seurat
Batch,1.3297898157905266,Seurat
Cluster,1.0187702442884057,Seurat
Batch,1.282943039712713,Seurat
Cluster,1,Seurat
Batch,1.2300979930731122,Seurat
Cluster,1.0104134328685384,Seurat
Batch,1.25642422084615,Seurat
Cluster,1.0051816762842098,Seurat
Batch,1.3716167147498577,Seurat
Cluster,1.0886287000916532,Seurat
Batch,1.18039186892135,Seurat
Cluster,1.0368583095754151,Seurat
Batch,1.0559693484464905,Seurat
Cluster,1.0272315144717297,Seurat
Batch,1.0455927980895663,Seurat
Cluster,1.0060171994480445,Seurat
Batch,1.0907002312018819,Seurat
Cluster,1.0032060097105189,Seurat
Batch,1.0854813995011159,Seurat
Cluster,1.0060938257500016,Seurat
Batch,1.3523301385537922,Seurat
Cluster,1.0876212300136539,Seurat
Batch,1.1742075420596703,Seurat
Cluster,1,Seurat
Batch,1.3023339360279482,Seurat
Cluster,1,Seurat
Batch,1.1423780883441328,Seurat
Cluster,1.0206046739853116,Seurat
Batch,1.3541486378032428,Seurat
Cluster,1.0126898191737186,Seurat
Batch,1.5509099547953284,Seurat
Cluster,1.106767923548596,Seurat
Batch,1.7642632324775573,Seurat
Cluster,1.0075131643026503,Seurat
Batch,1.162898869016706,Seurat
Cluster,1.0386983396777445,Seurat
Batch,1.050610929681959,Seurat
Cluster,1.0089674506469024,Seurat
Batch,1.5208965568413153,Seurat
Cluster,1.0318062885228672,Seurat
Batch,1.038233091807587,Seurat
Cluster,1.0154605405116215,Seurat
Batch,1.406107449165473,Seurat
Cluster,1.0112719476243388,Seurat
Batch,1.0736816281737267,Seurat
Cluster,1.0044322068977627,Seurat
Batch,1.2826772432977929,Seurat
Cluster,1.000741178222278,Seurat
Batch,1.2071871339159574,Seurat
Cluster,1.0095469356866387,Seurat
Batch,1.4513626852381372,Seurat
Cluster,1.0000001192093038,Seurat
Batch,1.374695830148037,Seurat
Cluster,1.0860772957892577,Seurat
Batch,1.1786845120286134,Seurat
Cluster,1.0087522568043146,Seurat
Batch,1.1326615676957694,Seurat
Cluster,1.0112885561842022,Seurat
Batch,1.140362209642414,Seurat
Cluster,1.0033562341970037,Seurat
Batch,1.181121082622189,Seurat
Cluster,1.0035722852374478,Seurat
Batch,1.6061696915770507,Seurat
Cluster,1.0358093817874863,Seurat
Batch,1.1582956761260155,Seurat
Cluster,1.0090873679456214,Seurat
Batch,1.06835583957609,Seurat
Cluster,1.0355105603126846,Seurat
Batch,1.1389634256037746,Seurat
Cluster,1.0000001192093038,Seurat
Batch,1.0940440528228819,Seurat
Cluster,1.0114591453114186,Seurat
Batch,1.078052534026003,Seurat
Cluster,1.0033199926131253,Seurat
Batch,1.0457116357561298,Seurat
Cluster,1.0067263541495008,Seurat
Batch,1.4047507208705743,Seurat
Cluster,1.0761714513555674,Seurat
Batch,1.1012426475888217,Seurat
Cluster,1.1418338677985103,Seurat
Batch,1.0951385682458887,Seurat
Cluster,1.0128726080971833,Seurat
Batch,1.077074005953712,Seurat
Cluster,1,Seurat
Batch,1.0657512707191839,Seurat
Cluster,1.0023522650631012,Seurat
Batch,1.0716714462597758,Seurat
Cluster,1.0050041993017056,Seurat
Batch,1.1589972865667335,Seurat
Cluster,1.386313942711755,Seurat
Batch,1.0850408151505087,Seurat
Cluster,1.0840543827995364,Seurat
Batch,1.3071901716568335,Seurat
Cluster,1.0000001192093038,Seurat
Batch,1.0428405069304465,Seurat
Cluster,1.0019452285180588,Seurat
Batch,1.1906383171397537,Seurat
Cluster,1,Seurat
Batch,1.3161408938654235,Seurat
Cluster,1,Seurat
Batch,1.0841181274258471,Seurat
Cluster,1.0269848321390165,Seurat
Batch,1.299947289838358,Seurat
Cluster,1.0309786037833937,Seurat
Batch,1.064833072993631,Seurat
Cluster,1.0000001192093038,Seurat
Batch,1.1079872281620895,Seurat
Cluster,1.002970917943068,Seurat
Batch,1.9168938880870354,Seurat
Cluster,1.0439831356135145,Seurat
Batch,1.4497563953248227,Seurat
Cluster,1.0618652361062138,Seurat
Batch,1.0609414074411003,Seurat
Cluster,1,Seurat
Batch,1.0634522716414891,Seurat
Cluster,1.009483276418308,Seurat
Batch,1.595685787981069,Seurat
Cluster,1.0640692452231006,Seurat
Batch,1.251400465015679,Seurat
Cluster,1.0033503633193823,Seurat
Batch,1.3522667041516803,Seurat
Cluster,1.0075170218090548,Seurat
Batch,1.0326018769875143,Seurat
Cluster,1,Seurat
Batch,1.0478126632306568,Seurat
Cluster,1.0042570270959477,Seurat
Batch,1.038951263360976,Seurat
Cluster,1.0055041986896602,Seurat
Batch,1.177617077017659,Seurat
Cluster,1.0435239337727233,Seurat
Batch,1.108881589060784,Seurat
Cluster,1.0007149235802153,Seurat
Batch,1.1909113589136313,Seurat
Cluster,1.001833332434948,Seurat
Batch,1.0715976566137482,Seurat
Cluster,1.0024373273953422,Seurat
Batch,1.3300569234757198,Seurat
Cluster,1.0145130977065377,Seurat
Batch,1.054331861472147,Seurat
Cluster,1.0164904687679055,Seurat
Batch,1.1360943149375324,Seurat
Cluster,1.101918471034573,Seurat
Batch,1.0578817590399368,Seurat
Cluster,1.0140814999008276,Seurat
Batch,1.0356210563867576,Seurat
Cluster,1,Seurat
Batch,1.1072067085900803,Seurat
Cluster,1.001605473707954,Seurat
Batch,1.0581615030354112,Seurat
Cluster,1.0020289836492027,Seurat
Batch,1.4421052445529077,Seurat
Cluster,1.0144065893758374,Seurat
Batch,1.0668093448302094,Seurat
Cluster,1.0023748156440517,Seurat
Batch,1.13963573907697,Seurat
Cluster,1.0115571891362394,Seurat
Batch,1.4550396493362299,Seurat
Cluster,1.0034496318235284,Seurat
Batch,1.7728356041079867,Seurat
Cluster,1.0808926903654446,Seurat
Batch,1.186714786671837,Seurat
Cluster,1.0391165661292157,Seurat
Batch,1.2676032955537768,Seurat
Cluster,1,Seurat
Batch,1.040955782499261,Seurat
Cluster,1.002483093018557,Seurat
Batch,1.2424835453570264,Seurat
Cluster,1.0550298731201355,Seurat
Batch,1.1491235626712564,Seurat
Cluster,1.0012275539678928,Seurat
Batch,1.1209596140471219,Seurat
Cluster,1.0071294931724233,Seurat
Batch,1.1430437157776394,Seurat
Cluster,1.0031131846782502,Seurat
Batch,1.2021497689364902,Seurat
Cluster,1.0000001192093038,Seurat
Batch,1.3704392525645641,Seurat
Cluster,1.0358311111535723,Seurat
Batch,1.1308522632450928,Seurat
Cluster,1,Seurat
Batch,1.3504017873014074,Seurat
Cluster,1.0288479339638472,Seurat
Batch,1.0645079561161503,Seurat
Cluster,1.0043042373219726,Seurat
Batch,1.4239805103823724,Seurat
Cluster,1.0598619437897758,Seurat
Batch,1.2161504569760204,Seurat
Cluster,1,Seurat
Batch,1.0888152300185503,Seurat
Cluster,1.0200923392201424,Seurat
Batch,1.6013120529811091,Seurat
Cluster,1.0127091341478958,Seurat
Batch,1.139851579950088,Seurat
Cluster,1,Seurat
Batch,1.3024101621074695,Seurat
Cluster,1.018931680931703,Seurat
Batch,1.3853188162358707,Seurat
Cluster,1.005787193817293,Seurat
Batch,1.3266190499691057,Seurat
Cluster,1.0176362901080642,Seurat
Batch,1.0869929300679713,Seurat
Cluster,1.0253804582421953,Seurat
Batch,1.1874060653740917,Seurat
Cluster,1.452266022655528,Seurat
Batch,1.114681603013505,Seurat
Cluster,1.0039379215172566,Seurat
Batch,1.0403508624194011,Seurat
Cluster,1.001108314974379,Seurat
Batch,1.0774751059438192,Seurat
Cluster,1.0199149753325958,Seurat
Batch,1.1850425194700174,Seurat
Cluster,1.014143035764955,Seurat
Batch,1.1407222306279527,Seurat
Cluster,1,Seurat
Batch,1.139308374388559,Seurat
Cluster,1.0023196069261264,Seurat
Batch,1.2777373487429635,Seurat
Cluster,1.0019745206889077,Seurat
Batch,1.2215058500229123,Seurat
Cluster,1.1540034841100189,Seurat
Batch,1.664837691640519,Seurat
Cluster,1.0028374803450337,Seurat
Batch,1.2159724095158002,Seurat
Cluster,1.0309674382579552,Seurat
Batch,1.350502934769931,Seurat
Cluster,1.015179632534309,Seurat
Batch,1.172552784410717,Seurat
Cluster,1.0247043295181544,Seurat
Batch,1.2076828016735737,Seurat
Cluster,1.0036271780329453,Seurat
Batch,1.232273827227318,Seurat
Cluster,1.017024567169396,Seurat
Batch,1.4368468746908665,Seurat
Cluster,1.03777419694756,Seurat
Batch,1.0696211971166674,Seurat
Cluster,1.0251457524569103,Seurat
Batch,1.7118021471147566,Seurat
Cluster,1.006039392598875,Seurat
Batch,1.1353318536254255,Seurat
Cluster,1.0064421812849285,Seurat
Batch,1.5022253446673315,Seurat
Cluster,1.003635807917258,Seurat
Batch,1.096838557871138,Seurat
Cluster,1.0027403374293586,Seurat
Batch,1.182761310827171,Seurat
Cluster,1.0645969824964734,Seurat
Batch,1.0418020627162856,Seurat
Cluster,1.0026641532171388,Seurat
Batch,1.5094194535848444,Seurat
Cluster,1,Seurat
Batch,1.0903319142554992,Seurat
Cluster,1.0188190871836607,Seurat
Batch,1.2768159495409814,Seurat
Cluster,1,Seurat
Batch,1.305972379097204,Seurat
Cluster,1.0000001192093038,Seurat
Batch,1.0398739140663646,Seurat
Cluster,1.000730198881944,Seurat
Batch,1.0351277799473908,Seurat
Cluster,1.0081834081876053,Seurat
Batch,1.257574925113112,Seurat
Cluster,1.0055998192012823,Seurat
Batch,1.1481726689624587,Seurat
Cluster,1.010402597067504,Seurat
Batch,1.0740618436799945,Seurat
Cluster,1.006652063650141,Seurat
Batch,1.090232131328927,Seurat
Cluster,1.0092601221878001,Seurat
Batch,1.0715786481411498,Seurat
Cluster,1.0308348461679668,Seurat
Batch,1.0763049844510053,Seurat
Cluster,1.0046577879859988,Seurat
Batch,1.1071796868634636,Seurat
Cluster,1.0040604844865813,Seurat
Batch,1.2333643571102368,Seurat
Cluster,1.0339613413669753,Seurat
Batch,1.123801275061553,Seurat
Cluster,1.0050534436595353,Seurat
Batch,1.3496546230460535,Seurat
Cluster,1.0303254867991058,Seurat
Batch,1.0953450677713414,Seurat
Cluster,1,Seurat
Batch,1.132713874606472,Seurat
Cluster,1.0072945770844306,Seurat
Batch,1.0628562885043749,Seurat
Cluster,1.0108449473755585,Seurat
Batch,1.9279440614985208,Seurat
Cluster,1.0054162228436982,Seurat
Batch,1.1323423014395453,Seurat
Cluster,1.009094798996025,Seurat
Batch,1.2042441325010742,Seurat
Cluster,1,Seurat
Batch,1.1003984422962834,Seurat
Cluster,1.0362514742979376,Seurat
Batch,1.1165162983361097,Seurat
Cluster,1.0086409727602998,Seurat
Batch,1.9640446436572694,Seurat
Cluster,1.0920617733033415,Seurat
Batch,1.0769814088483884,Seurat
Cluster,1.0093820861444676,Seurat
Batch,1.2995329943307325,Seurat
Cluster,1.0223616432330618,Seurat
Batch,1.633393525224096,Seurat
Cluster,1.0395328303210511,Seurat
Batch,1.2986216589019204,Seurat
Cluster,1.0198947801144485,Seurat
Batch,1.2929173861703855,Seurat
Cluster,1.0983147041634942,Seurat
Batch,1.2288472930701078,Seurat
Cluster,1.0086444140824868,Seurat
Batch,1.2441651659487203,Seurat
Cluster,1,Seurat
Batch,1.0807460422378796,Seurat
Cluster,1,Seurat
Batch,1.0509403472090013,Seurat
Cluster,1.00342069439242,Seurat
Batch,1.4077334673034694,Seurat
Cluster,1.0494927161304326,Seurat
Batch,1.269562757542521,Seurat
Cluster,1.0139213255465493,Seurat
Batch,1.222481347103799,Seurat
Cluster,1.0328602513353184,Seurat
Batch,1.109608769027251,Seurat
Cluster,1.0085014557612788,Seurat
Batch,1.0461939791387642,Seurat
Cluster,1.00434455136277,Seurat
Batch,1.6161250152018505,Seurat
Cluster,1.057085112164029,Seurat
Batch,1.1061037786339543,Seurat
Cluster,1,Seurat
Batch,1.1088620479148723,Seurat
Cluster,1.0026224439905278,Seurat
Batch,1.1724126519608775,Seurat
Cluster,1.0000001192093038,Seurat
Batch,1.3316533401722856,Seurat
Cluster,1.0116830846010894,Seurat
Batch,1.161504942307959,Seurat
Cluster,1.0310121610087295,Seurat
Batch,1.1753594910624767,Seurat
Cluster,1.0088226115015742,Seurat
Batch,1.210853739603171,Seurat
Cluster,1.0026456619703248,Seurat
Batch,1.1369428584972305,Seurat
Cluster,1.0992874986385273,Seurat
Batch,1.4792021016619408,Seurat
Cluster,1.0206875100596482,Seurat
Batch,1.1232547554603576,Seurat
Cluster,1.0264595033629254,Seurat
Batch,1.1023680884821747,Seurat
Cluster,1,Seurat
Batch,1.0745212920875478,Seurat
Cluster,1.0323473517162616,Seurat
Batch,1.0546796843172233,Seurat
Cluster,1,Seurat
Batch,1.186299425422726,Seurat
Cluster,1.003743929623806,Seurat
Batch,1.8982392465160949,Seurat
Cluster,1.0116522156737717,Seurat
Batch,1.1139737435281585,Seurat
Cluster,1,Seurat
Batch,1.1571719647214525,Seurat
Cluster,1.0574523789958667,Seurat
Batch,1.1786624439592648,Seurat
Cluster,1.003512423775566,Seurat
Batch,1.3136648864503102,Seurat
Cluster,1.1492967860744492,Seurat
Batch,1.0300446282266542,Seurat
Cluster,1.0089103087815803,Seurat
Batch,1.0771112365034459,Seurat
Cluster,1.0352308132693941,Seurat
Batch,1.064307122184229,Seurat
Cluster,1.0186054736344414,Seurat
Batch,1.0727969063622707,Seurat
Cluster,1,Seurat
Batch,1.4400779092976541,Seurat
Cluster,1.0315058566573243,Seurat
Batch,1.0369443556415339,Seurat
Cluster,1,Seurat
Batch,1.0326606479599343,Seurat
Cluster,1.0043822882309517,Seurat
Batch,1.2053740525315948,Seurat
Cluster,1.0018258017253112,Seurat
Batch,1.1342162741084145,Seurat
Cluster,1.0016622967661117,Seurat
Batch,1.10330385619841,Seurat
Cluster,1.0032700964510146,Seurat
Batch,1.0916661006713977,Seurat
Cluster,1,Seurat
Batch,1.1439298085844773,Seurat
Cluster,1.0222558779634126,Seurat
Batch,1.2246631101205872,Seurat
Cluster,1,Seurat
Batch,1.2412705405134565,Seurat
Cluster,1.0061872443107744,Seurat
Batch,1.1086489465037246,Seurat
Cluster,1.1084018310686832,Seurat
Batch,1.0638683388191545,Seurat
Cluster,1.0025624878570019,Seurat
Batch,1.4177543025483546,Seurat
Cluster,1.104849282575151,Seurat
Batch,1.664391220253417,Seurat
Cluster,1.007104192509777,Seurat
Batch,1.4840280983617693,Seurat
Cluster,1.0741450776653032,Seurat
Batch,1.103654534006114,Seurat
Cluster,1.0016041593367935,Seurat
Batch,1.0767100581809435,Seurat
Cluster,1,Seurat
Batch,1.5425923958033145,Seurat
Cluster,1.0000001192093038,Seurat
Batch,1.0657498951580409,Seurat
Cluster,1.0031110889791044,Seurat
Batch,1.2275441231447801,Seurat
Cluster,1.0017614348022763,Seurat
Batch,1.0843210753567705,Seurat
Cluster,1.0521287579310614,Seurat
Batch,1.425829673200139,Seurat
Cluster,1.0408807557712239,Seurat
Batch,1.1293309475809714,Seurat
Cluster,1,Seurat
Batch,1.1355205580490197,Seurat
Cluster,1.017898562137709,Seurat
Batch,1.5265326690942345,Seurat
Cluster,1,Seurat
Batch,1.1120210871251672,Seurat
Cluster,1.1604612824140481,Seurat
Batch,1.217600193451297,Seurat
Cluster,1.0017747021003123,Seurat
Batch,1.0669475087990212,Seurat
Cluster,1.0014340186056212,Seurat
Batch,1.1454167190431006,Seurat
Cluster,1.0097091642575236,Seurat
Batch,1.134675771530079,Seurat
Cluster,1.0024194406746907,Seurat
Batch,1.1625323654993729,Seurat
Cluster,1.0412738202995453,Seurat
Batch,1.352514330626687,Seurat
Cluster,1.010419788864166,Seurat
Batch,1.1263008818843354,Seurat
Cluster,1.0090914155655089,Seurat
Batch,1.1396295533518488,Seurat
Cluster,1.0043812082269574,Seurat
Batch,1.1489487077795064,Seurat
Cluster,1.0150240150192325,Seurat
Batch,1.2547654913025503,Seurat
Cluster,1.0186680315716974,Seurat
Batch,1.4135681320067075,Seurat
Cluster,1.0375104195438232,Seurat
Batch,1.9712641745208426,Seurat
Cluster,1.1513758933296687,Seurat
Batch,1.1555109043252,Seurat
Cluster,1.0019223337629404,Seurat
Batch,1.4980765151011783,Seurat
Cluster,1.0196247479368732,Seurat
Batch,1.2103805924802822,Seurat
Cluster,1.0106587671690195,Seurat
Batch,1.1541396986100874,Seurat
Cluster,1.0256497841219074,Seurat
Batch,1.36338432437575,Seurat
Cluster,1.1737290807508314,Seurat
Batch,1.562255064548666,Seurat
Cluster,1.0979143632694215,Seurat
Batch,1.0821804038191436,Seurat
Cluster,1.0136151400197173,Seurat
Batch,1.1058863243051567,Seurat
Cluster,1.0061913351490355,Seurat
Batch,1.2498262934832196,Seurat
Cluster,1.0027632601443588,Seurat
Batch,1.3600879897178972,Seurat
Cluster,1.0781924690860691,Seurat
Batch,1.0434461565590785,Seurat
Cluster,1.0053668312461415,Seurat
Batch,1.7099613175537405,Seurat
Cluster,1.1587483416228976,Seurat
Batch,1.058607635255676,Seurat
Cluster,1,Seurat
Batch,1.0651329488517582,Seurat
Cluster,1,Seurat
Batch,1.1456427538988723,Seurat
Cluster,1.0016903814188627,Seurat
Batch,1.3680310942973668,Seurat
Cluster,1,Seurat
Batch,1.0647099456941265,Seurat
Cluster,1.007348147452427,Seurat
Batch,1.7254135399819486,Seurat
Cluster,1.0271550867414636,Seurat
Batch,1.170325894236612,Seurat
Cluster,1.0029085359486127,Seurat
Batch,1.0647326365754934,Seurat
Cluster,1.0039198749312135,Seurat
Batch,1.1187949183592565,Seurat
Cluster,1.0154183994410682,Seurat
Batch,1.4461521565193245,Seurat
Cluster,1.0055817279549382,Seurat
Batch,1.1295284413542865,Seurat
Cluster,1.0075874887846061,Seurat
Batch,1.1637691901615368,Seurat
Cluster,1.0138966819478814,Seurat
Batch,1.11216440122478,Seurat
Cluster,1.004624177534182,Seurat
Batch,1.0511837274322633,Seurat
Cluster,1.0077506345209595,Seurat
Batch,1.0840467976560892,Seurat
Cluster,1.0023136855976633,Seurat
Batch,1.28589027810806,Seurat
Cluster,1.0109846589170912,Seurat
Batch,1.1510842418398541,Seurat
Cluster,1.015179266497601,Seurat
Batch,1.0714762399928708,Seurat
Cluster,1.0043770083425296,Seurat
Batch,1.7173842676518698,Seurat
Cluster,1.0119703809182397,Seurat
Batch,1.3228927057505055,Seurat
Cluster,1.0017608372681055,Seurat
Batch,1.252565400626718,Seurat
Cluster,1.054275658409565,Seurat
Batch,1.63092866640538,Seurat
Cluster,1.0064693234105015,Seurat
Batch,1.0535670378437973,Seurat
Cluster,1.0074674156872727,Seurat
Batch,1.1355807936684994,Seurat
Cluster,1.00201618951668,Seurat
Batch,1.0361714814577894,Seurat
Cluster,1.0000001192093038,Seurat
Batch,1.0394805540344785,Seurat
Cluster,1,Seurat
Batch,1.378117056915596,Seurat
Cluster,1.01259555833302,Seurat
Batch,1.218850696918765,Seurat
Cluster,1.0122937333097926,Seurat
Batch,1.074599140672002,Seurat
Cluster,1,Seurat
Batch,1.7436649373276174,Seurat
Cluster,1.0385531828704133,Seurat
Batch,1.8179072940437484,Seurat
Cluster,1.0208828000938388,Seurat
Batch,1.0396262766864015,Seurat
Cluster,1,Seurat
Batch,1.157563022330338,Seurat
Cluster,1.0884142785304054,Seurat
Batch,1.126021767010164,Seurat
Cluster,1,Seurat
Batch,1.232109263191329,Seurat
Cluster,1,Seurat
Batch,1.2214392776965453,Seurat
Cluster,1.008164825442029,Seurat
Batch,1.034398890847963,Seurat
Cluster,1.0102767578531382,Seurat
Batch,1.158345934763211,Seurat
Cluster,1.1660507754956158,Seurat
Batch,1.1116089467327714,Seurat
Cluster,1.0073800870055405,Seurat
Batch,1.0560294329854238,Seurat
Cluster,1.007061182754974,Seurat
Batch,1.6585332821191863,Seurat
Cluster,1.0091251292949672,Seurat
Batch,1.9607816004689826,Seurat
Cluster,1.0116061261072147,Seurat
Batch,1.063443588757695,Seurat
Cluster,1.043577904772867,Seurat
Batch,1.1225646378822982,Seurat
Cluster,1.0037746793231814,Seurat
Batch,1.293470815103317,Seurat
Cluster,1.0411430057839917,Seurat
Batch,1.1107730195743264,Seurat
Cluster,1.0236964647872986,Seurat
Batch,1.3118877338199435,Seurat
Cluster,1.0339258890312837,Seurat
Batch,1.4548560167051343,Seurat
Cluster,1.0006708896184655,Seurat
Batch,1.3630225529644004,Seurat
Cluster,1.0062246635531447,Seurat
Batch,1.1803214245218725,Seurat
Cluster,1,Seurat
Batch,1.161247162041059,Seurat
Cluster,1.0025703261882557,Seurat
Batch,1.380880981536158,Seurat
Cluster,1.0640086278527796,Seurat
Batch,1.0744464967801854,Seurat
Cluster,1.0050139278243997,Seurat
Batch,1.5369313583350905,Seurat
Cluster,1.0085653243293637,Seurat
Batch,1.149100923161054,Seurat
Cluster,1.0059519482800738,Seurat
Batch,1.1581676232232414,Seurat
Cluster,1.012217311063598,Seurat
Batch,1.1240955233467536,Seurat
Cluster,1.0013133691028753,Seurat
Batch,1.0655093258867463,Seurat
Cluster,1.0018869471216274,Seurat
Batch,1.1813932825931865,Seurat
Cluster,1.003767786090474,Seurat
Batch,1.1000655412258213,Seurat
Cluster,1.002436848867261,Seurat
Batch,1.4407316215265564,Seurat
Cluster,1.0953304285741463,Seurat
Batch,1.2418843256261851,Seurat
Cluster,1.0289626816614232,Seurat
Batch,1.2743028390660431,Seurat
Cluster,1.0013823516272382,Seurat
Batch,1.3993166580711371,Seurat
Cluster,1.2181391716568324,Seurat
Batch,1.0737797759408458,Seurat
Cluster,1.0016158701906774,Seurat
Batch,1.067829803115551,Seurat
Cluster,1.0000001192093038,Seurat
Batch,1.7474362916737964,Seurat
Cluster,1.0290889147646176,Seurat
Batch,1.348588357794415,Seurat
Cluster,1,Seurat
Batch,1.1243151867740457,Seurat
Cluster,1.0033939150024267,Seurat
Batch,1.0467962969172047,Seurat
Cluster,1.0281714140518765,Seurat
Batch,1.1262107437180038,Seurat
Cluster,1.098732280971565,Seurat
Batch,1.1132041485201993,Seurat
Cluster,1.007467416033446,Seurat
Batch,1.3545688589899292,Seurat
Cluster,1.0098807471289215,Seurat
Batch,1.0421679403305661,Seurat
Cluster,1.0078726875222281,Seurat
Batch,1.2781215625931004,Seurat
Cluster,1,Seurat
Batch,1.2875581985533728,Seurat
Cluster,1.0248572097383328,Seurat
Batch,1.030626843611347,Seurat
Cluster,1,Seurat
Batch,1.0771260599665253,Seurat
Cluster,1.0016545886995487,Seurat
Batch,1.13240194953389,Seurat
Cluster,1.001298796998676,Seurat
Batch,1.258660975419665,Seurat
Cluster,1,Seurat
Batch,1.2282974084615983,Seurat
Cluster,1.0094615139897625,Seurat
Batch,1.2047459937122158,Seurat
Cluster,1.0116185576635501,Seurat
Batch,1.095713283436776,Seurat
Cluster,1.0018602288796277,Seurat
Batch,1.1447564290502343,Seurat
Cluster,1.0020506861805125,Seurat
Batch,1.668179301611165,Seurat
Cluster,1.0448348701246473,Seurat
Batch,1.0625383058142184,Seurat
Cluster,1.0419271037484525,Seurat
Batch,1.209229850830218,Seurat
Cluster,1,Seurat
Batch,1.0431925822351988,Seurat
Cluster,1.0065928906386985,Seurat
Batch,1.0510172728868983,Seurat
Cluster,1.0032428439708656,Seurat
Batch,1.1367703192164398,Seurat
Cluster,1.0077128888684446,Seurat
Batch,1.3568034276050944,Seurat
Cluster,1,Seurat
Batch,1.094325059832398,Seurat
Cluster,1.000546977668337,Seurat
Batch,1.4071464782242467,Seurat
Cluster,1.0085384002248132,Seurat
Batch,1.3093255842357672,Seurat
Cluster,1.002519648225515,Seurat
Batch,1.8371614474492985,Seurat
Cluster,1.1184801841158964,Seurat
Batch,1.34741409583391,Seurat
Cluster,1.0414081325417042,Seurat
Batch,1.223364496303579,Seurat
Cluster,1.0143965409073774,Seurat
Batch,1.0959433901260176,Seurat
Cluster,1.0039058457218297,Seurat
Batch,1.3485192243174464,Seurat
Cluster,1.0043287732466808,Seurat
Batch,1.7146878918181494,Seurat
Cluster,1.0031830718833983,Seurat
Batch,1.1688890362048041,Seurat
Cluster,1.02489616157247,Seurat
Batch,1.0727234045360101,Seurat
Cluster,1.0012801643413727,Seurat
Batch,1.0324998552804159,Seurat
Cluster,1,Seurat
Batch,1.9639848079647766,Seurat
Cluster,1.0791656592079144,Seurat
Batch,1.321272353262073,Seurat
Cluster,1.0099031278966215,Seurat
Batch,1.0691932491156442,Seurat
Cluster,1.0014569563774618,Seurat
Batch,1.0549458752959138,Seurat
Cluster,1.0074862814301182,Seurat
Batch,1.0448292714398801,Seurat
Cluster,1.0078397601719589,Seurat
Batch,1.0767622918987345,Seurat
Cluster,1.00237517466905,Seurat
Batch,1.079406948618254,Seurat
Cluster,1.0017020935296874,Seurat
Batch,1.1197587974777254,Seurat
Cluster,1.0036806366557314,Seurat
Batch,1.2596106859847218,Seurat
Cluster,1,Seurat
Batch,1.1325520117192407,Seurat
Cluster,1.006646525270955,Seurat
Batch,1.1613556566759697,Seurat
Cluster,1.1003128414334211,Seurat
Batch,1.1372898975166739,Seurat
Cluster,1.0637664711307395,Seurat
Batch,1.3173224516456166,Seurat
Cluster,1,Seurat
Batch,1.0602822836012946,Seurat
Cluster,1,Seurat
Batch,1.0355378058160511,Seurat
Cluster,1.0127152690890504,Seurat
Batch,1.0546490538669178,Seurat
Cluster,1.006883449645956,Seurat
Batch,1.1168162699519841,Seurat
Cluster,1.0000001192093038,Seurat
Batch,1.0421901198242722,Seurat
Cluster,1.000641773890141,Seurat
Batch,1.0487220557972294,Seurat
Cluster,1,Seurat
Batch,1.1483123820624408,Seurat
Cluster,1.0080612386797954,Seurat
Batch,1.0659451599973284,Seurat
Cluster,1.0014577926188586,Seurat
Batch,1.0938538675002374,Seurat
Cluster,1.099829149472094,Seurat
Batch,1.2112965964488223,Seurat
Cluster,1.1238115171631866,Seurat
Batch,1.0614949543388614,Seurat
Cluster,1.0041028829914704,Seurat
Batch,1.0678613174217446,Seurat
Cluster,1.001511257568493,Seurat
Batch,1.873283394640136,Seurat
Cluster,1.0058105816645049,Seurat
Batch,1.3032005360884118,Seurat
Cluster,1.0105996660754781,Seurat
Batch,1.1038350963017076,Seurat
Cluster,1,Seurat
Batch,1.2208430349924828,Seurat
Cluster,1.0082614274724964,Seurat
Batch,1.3094157119804073,Seurat
Cluster,1.0225066734768875,Seurat
Batch,1.2205986136961173,Seurat
Cluster,1.0071604587697658,Seurat
Batch,1.662425930716341,Seurat
Cluster,1.009980014914906,Seurat
Batch,1.387289055327346,Seurat
Cluster,1.0250320149518315,Seurat
Batch,1.1478284822569862,Seurat
Cluster,1.0075907446147065,Seurat
Batch,1.0532693699195228,Seurat
Cluster,1.0081225314260123,Seurat
Batch,1.1749746449894043,Seurat
Cluster,1.0498414604036799,Seurat
Batch,1.113030207022422,Seurat
Cluster,1.0030995917083403,Seurat
Batch,1.0691543113815956,Seurat
Cluster,1.0000001192093038,Seurat
Batch,1.3199422456977878,Seurat
Cluster,1,Seurat
Batch,1.034510404837508,Seurat
Cluster,1.0009314361947086,Seurat
Batch,1.1221066487697435,Seurat
Cluster,1.0254891792113756,Seurat
Batch,1.5657740131862172,Seurat
Cluster,1.0822806742190487,Seurat
Batch,1.6622531500831073,Seurat
Cluster,1,Seurat
Batch,1.0735800541392946,Seurat
Cluster,1,Seurat
Batch,1.4154803802735223,Seurat
Cluster,1.036518803078253,Seurat
Batch,1.3553861859093834,Seurat
Cluster,1.0011294504417407,Seurat
Batch,1.293476963650974,Seurat
Cluster,1.0553615674592123,Seurat
Batch,1.0665247090197134,Seurat
Cluster,1,Seurat
Batch,1.1976324225616384,Seurat
Cluster,1.0682381038573365,Seurat
Batch,1.7568039313283013,Seurat
Cluster,1.0049022984913814,Seurat
Batch,1.273189372223739,Seurat
Cluster,1.0042491692820303,Seurat
Batch,1.725433192363578,Seurat
Cluster,1.0533121106068872,Seurat
Batch,1.0903430784641392,Seurat
Cluster,1.0167089209685491,Seurat
Batch,1.0743648875469025,Seurat
Cluster,1,Seurat
Batch,1.309408970252531,Seurat
Cluster,1.0011820530942606,Seurat
Batch,1.0365731205252282,Seurat
Cluster,1,Seurat
Batch,1.1766303035712806,Seurat
Cluster,1.017588875887119,Seurat
Batch,1.1175305865311707,Seurat
Cluster,1.0295942917695895,Seurat
Batch,1.5883567479585876,Seurat
Cluster,1.075540601796281,Seurat
Batch,1.1600287895031123,Seurat
Cluster,1.00290446544209,Seurat
Batch,1.2384348210879363,Seurat
Cluster,1.0041044418954064,Seurat
Batch,1.0714525561916044,Seurat
Cluster,1,Seurat
Batch,1.1961683775411753,Seurat
Cluster,1.0616742445770306,Seurat
Batch,1.135801586540779,Seurat
Cluster,1.2895347976111755,Seurat
Batch,1.620795043736908,Seurat
Cluster,1.0035624579632307,Seurat
Batch,1.0423780490681176,Seurat
Cluster,1,Seurat
Batch,1.3971903579429215,Seurat
Cluster,1.0663790915403524,Seurat
Batch,1.2242359411487818,Seurat
Cluster,1,Seurat
Batch,1.9517901135431166,Seurat
Cluster,1,Seurat
Batch,1.0722714765629846,Seurat
Cluster,1.0112160050765369,Seurat
Batch,1.072290496773483,Seurat
Cluster,1.0025748734386484,Seurat
Batch,1.1167242378405775,Seurat
Cluster,1.0027372252250266,Seurat
Batch,1.329789779558819,Seurat
Cluster,1,Seurat
Batch,1.2097586606214454,Seurat
Cluster,1.0324938557573917,Seurat
Batch,1.3043052098062604,Seurat
Cluster,1.004715050755518,Seurat
Batch,1.108145872332028,Seurat
Cluster,1,Seurat
Batch,1.0516804254328347,Seurat
Cluster,1.0044923306499969,Seurat
Batch,1.114737791966355,Seurat
Cluster,1.0487441850515073,Seurat
Batch,1.6224975434860154,Seurat
Cluster,1.0536398006633856,Seurat
Batch,1.0809653869538174,Seurat
Cluster,1.0234003822194977,Seurat
Batch,1.9195912491473106,Seurat
Cluster,1.0627424961543686,Seurat
Batch,1.0617015284083477,Seurat
Cluster,1,Seurat
Batch,1.0477090014892487,Seurat
Cluster,1.0038978716876428,Seurat
Batch,1.7294618451670432,Seurat
Cluster,1.0600964600889144,Seurat
Batch,1.0578599300255562,Seurat
Cluster,1.0066533881362787,Seurat
Batch,1.1676427603750033,Seurat
Cluster,1,Seurat
Batch,1.4142504828152909,Seurat
Cluster,1.0333623251235824,Seurat
Batch,1.0965770178384158,Seurat
Cluster,1.0048247876617749,Seurat
Batch,1.1175582560331332,Seurat
Cluster,1.0744081396959952,Seurat
Batch,1.107268865879339,Seurat
Cluster,1.0334012518078792,Seurat
Batch,1.2654730228802835,Seurat
Cluster,1,Seurat
Batch,1.2855905188153636,Seurat
Cluster,1.0023533417518498,Seurat
Batch,1.4425818882486992,Seurat
Cluster,1.008447854108833,Seurat
Batch,1.0986950708489625,Seurat
Cluster,1.0100268414951628,Seurat
Batch,1.231144736058394,Seurat
Cluster,1.021715354723117,Seurat
Batch,1.0714231965690353,Seurat
Cluster,1.0000001192093038,Seurat
Batch,1.0601982625206883,Seurat
Cluster,1.0009090535960825,Seurat
Batch,1.09604070724856,Seurat
Cluster,1.0034341146280712,Seurat
Batch,1.8158620576289584,Seurat
Cluster,1.1194891780413048,Seurat
Batch,1.1119516604551072,Seurat
Cluster,1,Seurat
Batch,1.169677414565226,Seurat
Cluster,1.0049633651427268,Seurat
Batch,1.2574889323764826,Seurat
Cluster,1.0217903849827192,Seurat
Batch,1.8913037418997156,Seurat
Cluster,1.0183839663765313,Seurat
Batch,1.0177650877490332,Seurat
Cluster,1.0011966226088358,Seurat
Batch,1.2655057951496222,Seurat
Cluster,1.0018706888233564,Seurat
Batch,1.213218908592117,Seurat
Cluster,1.0067326755962043,Seurat
Batch,1.6483398798292972,Seurat
Cluster,1.044792696314548,Seurat
Batch,1.155774224692714,Seurat
Cluster,1.0050713408067466,Seurat
Batch,1.2386424179159636,Seurat
Cluster,1.0173862336233361,Seurat
Batch,1.1400074696830966,Seurat
Cluster,1,Seurat
